,hamming_distance
0,105
1,113
2,101
3,115
4,118
5,112
6,95
7,78
8,126
9,121
10,128
11,122
12,137
13,108
14,119
15,119
16,117
17,109
18,103
19,113
20,101
21,87
22,179
23,88
24,111
25,118
26,104
27,131
28,170
29,108
30,154
31,110
32,152
33,119
34,103
35,128
36,134
37,145
38,136
39,113
40,165
41,147
42,113
43,135
44,114
45,122
46,125
47,101
48,128
49,128
50,122
51,168
52,138
53,102
54,107
55,103
56,75
57,108
58,105
59,121
60,105
61,80
62,111
63,161
64,170
65,97
66,114
67,133
68,87
69,120
70,85
71,136
72,93
73,104
74,105
75,104
76,126
77,113
78,100
79,105
80,100
81,113
82,98
83,121
84,104
85,131
86,112
87,120
88,122
89,121
90,96
91,99
92,109
93,127
94,97
95,104
96,125
97,94
98,117
99,105
100,155
101,127
102,126
103,118
104,117
105,128
106,178
107,135
108,108
109,102
110,177
111,124
112,108
113,110
114,128
115,124
116,133
117,115
118,162
119,110
120,151
121,102
122,89
123,145
124,104
125,141
126,85
127,98
128,110
129,110
130,93
131,89
132,89
133,119
134,144
135,118
136,135
137,122
138,105
139,105
140,99
141,140
142,83
143,115
144,102
145,150
146,72
147,107
148,77
149,144
150,114
151,109
152,84
153,118
154,94
155,98
156,94
157,111
158,167
159,105
160,157
161,100
162,106
163,131
164,89
165,89
166,130
167,110
168,119
169,109
170,118
171,126
172,110
173,123
174,103
175,121
176,133
177,137
178,97
179,106
180,89
181,104
182,118
183,86
184,110
185,99
186,135
187,85
188,151
189,117
190,163
191,108
192,139
193,130
194,130
195,134
196,93
197,173
198,117
199,109
200,103
201,107
202,152
203,125
204,101
205,104
206,101
207,143
208,136
209,93
210,115
211,123
212,83
213,104
214,107
215,95
216,131
217,97
218,117
219,122
220,102
221,121
222,87
223,113
224,93
225,140
226,145
227,136
228,100
229,98
230,72
231,143
232,91
233,117
234,120
235,118
236,174
237,123
238,106
239,119
240,125
241,81
242,154
243,118
244,155
245,150
246,161
247,121
248,139
249,165
250,158
251,167
252,141
253,121
254,140
255,101
256,120
257,97
258,92
259,97
260,121
261,150
262,77
263,107
264,143
265,154
266,147
267,135
268,97
269,110
270,149
271,154
272,117
273,137
274,132
275,114
276,156
277,100
278,110
279,123
280,93
281,106
282,86
283,95
284,135
285,109
286,155
287,94
288,114
289,91
290,136
291,124
292,135
293,143
294,150
295,120
296,116
297,88
298,98
299,113
300,93
301,161
302,140
303,160
304,104
305,136
306,155
307,82
308,138
309,109
310,124
311,134
312,110
313,101
314,120
315,108
316,101
317,144
318,182
319,152
320,132
321,119
322,119
323,143
324,103
325,128
326,111
327,115
328,91
329,137
330,159
331,132
332,135
333,104
334,135
335,121
336,121
337,105
338,141
339,107
340,134
341,112
342,100
343,132
344,100
345,160
346,110
347,185
348,140
349,99
350,116
351,122
352,89
353,104
354,144
355,101
356,89
357,133
358,160
359,112
360,105
361,111
362,148
363,144
364,131
365,162
366,113
367,135
368,117
369,112
370,98
371,132
372,135
373,114
374,104
375,103
376,139
377,134
378,107
379,194
380,116
381,125
382,167
383,131
384,146
385,139
386,134
387,207
388,146
389,99
390,110
391,103
392,180
393,137
394,115
395,135
396,107
397,105
398,108
399,116
400,127
401,125
402,90
403,93
404,69
405,99
406,86
407,97
408,103
409,112
410,93
411,119
412,128
413,103
414,109
415,160
416,116
417,121
418,103
419,89
420,109
421,135
422,109
423,119
424,98
425,96
426,92
427,122
428,157
429,112
430,125
431,91
432,118
433,115
434,119
435,98
436,173
437,122
438,147
439,107
440,132
441,103
442,190
443,142
444,181
445,131
446,120
447,151
448,173
449,103
450,122
451,103
452,108
453,143
454,142
455,138
456,162
457,150
458,101
459,129
460,104
461,103
462,95
463,152
464,139
465,130
466,131
467,116
468,103
469,103
470,145
471,100
472,111
473,125
474,129
475,120
476,110
477,152
478,129
479,96
480,99
481,108
482,109
483,122
484,112
485,122
486,159
487,105
488,128
489,94
490,99
491,127
492,131
493,116
494,151
495,117
496,92
497,184
498,108
499,89
500,81
501,136
502,101
503,119
504,160
505,140
506,181
507,115
508,116
509,151
510,103
511,187
512,136
513,85
514,105
515,130
516,109
517,101
518,128
519,113
520,119
521,77
522,120
523,109
524,135
525,106
526,153
527,111
528,109
529,113
530,140
531,85
532,101
533,132
534,103
535,98
536,95
537,82
538,100
539,171
540,122
541,108
542,123
543,116
544,161
545,151
546,104
547,114
548,203
549,102
550,128
551,90
552,123
553,131
554,105
555,103
556,176
557,124
558,92
559,128
560,142
561,85
562,164
563,96
564,105
565,111
566,113
567,139
568,140
569,109
570,114
571,116
572,116
573,118
574,82
575,82
576,125
577,111
578,117
579,106
580,102
581,82
582,87
583,114
584,137
585,95
586,115
587,94
588,87
589,70
590,138
591,130
592,104
593,115
594,148
595,178
596,114
597,197
598,109
599,120
600,122
601,137
602,104
603,93
604,101
605,102
606,113
607,116
608,98
609,124
610,137
611,139
612,97
613,121
614,76
615,107
616,80
617,77
618,110
619,83
620,131
621,195
622,117
623,114
624,130
625,120
626,97
627,94
628,88
629,103
630,146
631,148
632,116
633,77
634,144
635,112
636,113
637,145
638,181
639,116
640,114
641,119
642,127
643,178
644,145
645,115
646,98
647,105
648,79
649,160
650,115
651,153
652,120
653,95
654,75
655,123
656,100
657,117
658,132
659,133
660,83
661,100
662,86
663,93
664,152
665,109
666,161
667,102
668,144
669,136
670,140
671,152
672,122
673,130
674,127
675,120
676,112
677,138
678,101
679,153
680,107
681,92
682,150
683,88
684,186
685,195
686,119
687,114
688,130
689,119
690,79
691,105
692,163
693,102
694,82
695,90
696,79
697,100
698,95
699,111
700,106
701,145
702,148
703,99
704,90
705,97
706,124
707,123
708,151
709,102
710,96
711,107
712,144
713,78
714,82
715,127
716,130
717,149
718,120
719,133
720,126
721,129
722,94
723,111
724,97
725,113
726,115
727,208
728,105
729,105
730,151
731,122
732,116
733,97
734,147
735,145
736,109
737,113
738,117
739,208
740,152
741,152
742,104
743,155
744,99
745,201
746,106
747,160
748,124
749,123
750,126
751,155
752,154
753,116
754,94
755,94
756,121
757,149
758,174
759,134
760,122
761,152
762,95
763,135
764,100
765,100
766,105
767,104
768,157
769,113
770,105
771,140
772,111
773,137
774,114
775,88
776,114
777,130
778,109
779,151
780,138
781,147
782,126
783,127
784,134
785,145
786,128
787,89
788,117
789,107
790,136
791,113
792,106
793,101
794,107
795,77
796,140
797,114
798,137
799,132
800,130
801,139
802,123
803,126
804,143
805,140
806,130
807,104
808,134
809,121
810,103
811,170
812,171
813,131
814,160
815,170
816,119
817,184
818,148
819,75
820,166
821,108
822,151
823,149
824,85
825,128
826,93
827,150
828,142
829,126
830,134
831,124
832,98
833,135
834,130
835,141
836,121
837,130
838,164
839,119
840,111
841,123
842,118
843,101
844,112
845,115
846,93
847,133
848,82
849,130
850,108
851,101
852,75
853,102
854,110
855,75
856,104
857,125
858,103
859,131
860,177
861,168
862,100
863,86
864,123
865,126
866,89
867,140
868,96
869,116
870,158
871,93
872,119
873,130
874,110
875,132
876,95
877,132
878,130
879,74
880,111
881,134
882,137
883,117
884,128
885,106
886,142
887,161
888,128
889,121
890,123
891,142
892,123
893,144
894,123
895,110
896,126
897,129
898,101
899,126
900,204
901,122
902,142
903,122
904,152
905,125
906,129
907,164
908,133
909,95
910,115
911,142
912,107
913,114
914,143
915,141
916,140
917,109
918,151
919,133
920,106
921,83
922,114
923,107
924,118
925,120
926,118
927,124
928,131
929,135
930,113
931,105
932,129
933,137
934,117
935,119
936,128
937,122
938,179
939,137
940,122
941,105
942,100
943,144
944,113
945,139
946,116
947,105
948,149
949,102
950,83
951,178
952,119
953,100
954,91
955,178
956,94
957,126
958,116
959,122
960,93
961,93
962,157
963,136
964,175
965,103
966,107
967,113
968,113
969,119
970,81
971,126
972,101
973,93
974,104
975,78
976,151
977,105
978,117
979,107
980,114
981,128
982,105
983,107
984,155
985,166
986,127
987,118
988,109
989,139
990,93
991,154
992,103
993,126
994,113
995,100
996,90
997,132
998,156
999,113
1000,125
1001,121
1002,80
1003,134
1004,110
1005,110
1006,135
1007,105
1008,134
1009,126
1010,102
1011,129
1012,143
1013,143
1014,99
1015,98
1016,101
1017,129
1018,117
1019,109
1020,88
1021,106
1022,88
1023,115
1024,110
1025,149
1026,105
1027,119
1028,94
1029,119
1030,137
1031,130
1032,105
1033,100
1034,105
1035,118
1036,79
1037,83
1038,123
1039,121
1040,127
1041,125
1042,111
1043,102
1044,125
1045,99
1046,147
1047,150
1048,131
1049,134
1050,79
1051,146
1052,129
1053,126
1054,101
1055,152
1056,164
1057,105
1058,122
1059,94
1060,131
1061,103
1062,116
1063,127
1064,150
1065,115
1066,178
1067,167
1068,132
1069,112
1070,101
1071,103
1072,115
1073,87
1074,106
1075,106
1076,158
1077,105
1078,99
1079,96
1080,128
1081,92
1082,121
1083,133
1084,123
1085,119
1086,131
1087,132
1088,119
1089,117
1090,127
1091,104
1092,94
1093,99
1094,164
1095,119
1096,99
1097,94
1098,178
1099,126
1100,108
1101,130
1102,104
1103,106
1104,122
1105,121
1106,79
1107,148
1108,113
1109,122
1110,146
1111,123
1112,102
1113,100
1114,118
1115,103
1116,159
1117,84
1118,143
1119,101
1120,97
1121,119
1122,99
1123,157
1124,177
1125,94
1126,154
1127,84
1128,76
1129,90
1130,105
1131,159
1132,174
1133,133
1134,107
1135,114
1136,117
1137,126
1138,117
1139,100
1140,141
1141,134
1142,88
1143,161
1144,97
1145,99
1146,107
1147,112
1148,123
1149,127
1150,116
1151,113
1152,90
1153,103
1154,164
1155,126
1156,125
1157,184
1158,139
1159,102
1160,139
1161,90
1162,138
1163,137
1164,114
1165,153
1166,127
1167,122
1168,119
1169,106
1170,184
1171,125
1172,90
1173,161
1174,111
1175,159
1176,136
1177,129
1178,156
1179,151
1180,127
1181,123
1182,109
1183,129
1184,113
1185,136
1186,96
1187,117
1188,125
1189,105
1190,98
1191,80
1192,150
1193,119
1194,116
1195,135
1196,115
1197,105
1198,143
1199,133
1200,106
1201,85
1202,138
1203,129
1204,148
1205,149
1206,138
1207,119
1208,105
1209,95
1210,137
1211,111
1212,104
1213,178
1214,93
1215,130
1216,139
1217,141
1218,121
1219,106
1220,114
1221,90
1222,107
1223,146
1224,107
1225,130
1226,118
1227,96
1228,132
1229,151
1230,111
1231,151
1232,108
1233,151
1234,134
1235,162
1236,157
1237,110
1238,120
1239,106
1240,129
1241,151
1242,135
1243,122
1244,113
1245,156
1246,126
1247,107
1248,99
1249,135
1250,111
1251,80
1252,97
1253,115
1254,141
1255,130
1256,102
1257,127
1258,111
1259,117
1260,132
1261,98
1262,97
1263,163
1264,100
1265,127
1266,101
1267,106
1268,101
1269,115
1270,103
1271,117
1272,173
1273,114
1274,155
1275,125
1276,108
1277,154
1278,133
1279,121
1280,136
1281,113
1282,119
1283,114
1284,120
1285,85
1286,157
1287,109
1288,146
1289,147
1290,91
1291,175
1292,134
1293,91
1294,111
1295,139
1296,103
1297,98
1298,142
1299,111
1300,108
1301,150
1302,114
1303,152
1304,137
1305,169
1306,86
1307,163
1308,102
1309,123
1310,126
1311,127
1312,133
1313,106
1314,128
1315,112
1316,115
1317,104
1318,86
1319,96
1320,115
1321,109
1322,130
1323,100
1324,119
1325,113
1326,108
1327,120
1328,95
1329,114
1330,94
1331,112
1332,106
1333,101
1334,153
1335,92
1336,83
1337,108
1338,120
1339,132
1340,126
1341,132
1342,131
1343,132
1344,116
1345,117
1346,135
1347,103
1348,112
1349,108
1350,136
1351,138
1352,143
1353,120
1354,126
1355,156
1356,150
1357,110
1358,126
1359,107
1360,113
1361,112
1362,125
1363,137
1364,109
1365,155
1366,105
1367,110
1368,136
1369,109
1370,102
1371,182
1372,115
1373,158
1374,142
1375,129
1376,87
1377,112
1378,108
1379,127
1380,108
1381,120
1382,140
1383,118
1384,127
1385,84
1386,142
1387,131
1388,125
1389,105
1390,104
1391,108
1392,130
1393,127
1394,99
1395,100
1396,120
1397,106
1398,105
1399,149
1400,158
1401,138
1402,150
1403,178
1404,114
1405,125
1406,107
1407,114
1408,128
1409,103
1410,120
1411,114
1412,116
1413,105
1414,115
1415,123
1416,151
1417,99
1418,99
1419,153
1420,109
1421,120
1422,228
1423,108
1424,110
1425,116
1426,123
1427,97
1428,129
1429,106
1430,108
1431,104
1432,95
1433,102
1434,112
1435,139
1436,101
1437,131
1438,100
1439,121
1440,97
1441,130
1442,113
1443,133
1444,120
1445,105
1446,138
1447,140
1448,114
1449,122
1450,81
1451,97
1452,156
1453,133
1454,92
1455,86
1456,100
1457,81
1458,94
1459,113
1460,97
1461,117
1462,132
1463,97
1464,139
1465,89
1466,133
1467,104
1468,128
1469,69
1470,117
1471,107
1472,158
1473,84
1474,133
1475,131
1476,147
1477,79
1478,102
1479,123
1480,118
1481,138
1482,111
1483,154
1484,155
1485,139
1486,121
1487,145
1488,79
1489,135
1490,122
1491,89
1492,122
1493,128
1494,101
1495,189
1496,142
1497,105
1498,145
1499,159
1500,106
1501,141
1502,103
1503,155
1504,68
1505,114
1506,125
1507,149
1508,114
1509,147
1510,134
1511,171
1512,106
1513,168
1514,139
1515,115
1516,112
1517,193
1518,164
1519,177
1520,168
1521,100
1522,185
1523,139
1524,119
1525,143
1526,104
1527,165
1528,151
1529,130
1530,93
1531,133
1532,159
1533,102
1534,113
1535,132
1536,90
1537,116
1538,121
1539,97
1540,90
1541,129
1542,141
1543,119
1544,97
1545,70
1546,125
1547,106
1548,84
1549,109
1550,97
1551,147
1552,90
1553,129
1554,108
1555,162
1556,122
1557,146
1558,106
1559,107
1560,93
1561,126
1562,104
1563,122
1564,99
1565,106
1566,101
1567,155
1568,138
1569,135
1570,84
1571,103
1572,112
1573,100
1574,99
1575,102
1576,119
1577,159
1578,127
1579,70
1580,130
1581,145
1582,105
1583,128
1584,85
1585,102
1586,107
1587,128
1588,120
1589,117
1590,108
1591,114
1592,124
1593,107
1594,166
1595,112
1596,112
1597,90
1598,149
1599,111
1600,132
1601,135
1602,106
1603,112
1604,111
1605,123
1606,139
1607,124
1608,86
1609,104
1610,130
1611,113
1612,143
1613,114
1614,109
1615,98
1616,120
1617,129
1618,122
1619,118
1620,124
1621,126
1622,116
1623,169
1624,128
1625,155
1626,118
1627,105
1628,109
1629,141
1630,114
1631,139
1632,128
1633,136
1634,113
1635,128
1636,128
1637,124
1638,150
1639,82
1640,140
1641,139
1642,176
1643,131
1644,140
1645,133
1646,151
1647,109
1648,116
1649,123
1650,135
1651,144
1652,149
1653,116
1654,107
1655,116
1656,152
1657,138
1658,136
1659,138
1660,116
1661,106
1662,126
1663,118
1664,138
1665,120
1666,131
1667,110
1668,128
1669,133
1670,138
1671,162
1672,138
1673,139
1674,152
1675,148
1676,148
1677,145
1678,85
1679,127
1680,154
1681,124
1682,124
1683,140
1684,149
1685,138
1686,114
1687,105
1688,133
1689,160
1690,141
1691,83
1692,109
1693,167
1694,126
1695,132
1696,124
1697,124
1698,93
1699,140
1700,160
1701,141
1702,101
1703,117
1704,113
1705,97
1706,118
1707,128
1708,209
1709,111
1710,97
1711,120
1712,112
1713,107
1714,127
1715,158
1716,114
1717,129
1718,110
1719,87
1720,117
1721,172
1722,100
1723,108
1724,137
1725,121
1726,94
1727,162
1728,115
1729,110
1730,105
1731,93
1732,115
1733,157
1734,130
1735,69
1736,110
1737,82
1738,106
1739,107
1740,102
1741,113
1742,132
1743,191
1744,156
1745,79
1746,97
1747,120
1748,163
1749,103
1750,93
1751,98
1752,110
1753,98
1754,142
1755,93
1756,86
1757,88
1758,125
1759,123
1760,105
1761,106
1762,118
1763,162
1764,139
1765,88
1766,102
1767,111
1768,150
1769,155
1770,115
1771,130
1772,131
1773,184
1774,85
1775,94
1776,113
1777,107
1778,96
1779,85
1780,89
1781,134
1782,120
1783,138
1784,136
1785,134
1786,173
1787,130
1788,137
1789,133
1790,103
1791,99
1792,117
1793,114
1794,102
1795,91
1796,115
1797,143
1798,131
1799,80
1800,138
1801,132
1802,152
1803,140
1804,106
1805,99
1806,125
1807,121
1808,131
1809,107
1810,110
1811,75
1812,99
1813,88
1814,118
1815,108
1816,168
1817,132
1818,97
1819,155
1820,93
1821,92
1822,82
1823,80
1824,101
1825,101
1826,95
1827,133
1828,137
1829,110
1830,129
1831,114
1832,117
1833,107
1834,99
1835,144
1836,110
1837,91
1838,90
1839,152
1840,113
1841,100
1842,85
1843,157
1844,99
1845,121
1846,127
1847,128
1848,126
1849,107
1850,107
1851,103
1852,171
1853,126
1854,156
1855,184
1856,127
1857,99
1858,100
1859,110
1860,139
1861,173
1862,111
1863,138
1864,169
1865,137
1866,165
1867,111
1868,119
1869,110
1870,110
1871,103
1872,106
1873,121
1874,157
1875,117
1876,100
1877,161
1878,124
1879,145
1880,133
1881,134
1882,98
1883,122
1884,145
1885,127
1886,122
1887,94
1888,109
1889,115
1890,145
1891,119
1892,134
1893,141
1894,128
1895,140
1896,103
1897,160
1898,135
1899,83
1900,168
1901,161
1902,163
1903,120
1904,118
1905,131
1906,102
1907,133
1908,102
1909,126
1910,134
1911,119
1912,104
1913,114
1914,79
1915,139
1916,90
1917,106
1918,108
1919,79
1920,76
1921,120
1922,107
1923,121
1924,102
1925,105
1926,126
1927,90
1928,76
1929,121
1930,141
1931,88
1932,116
1933,158
1934,105
1935,79
1936,139
1937,90
1938,119
1939,112
1940,116
1941,101
1942,149
1943,116
1944,121
1945,116
1946,119
1947,105
1948,106
1949,177
1950,77
1951,120
1952,182
1953,136
1954,152
1955,145
1956,115
1957,95
1958,117
1959,122
1960,140
1961,109
1962,112
1963,110
1964,95
1965,108
1966,124
1967,119
1968,70
1969,94
1970,109
1971,127
1972,86
1973,124
1974,120
1975,93
1976,114
1977,133
1978,185
1979,126
1980,129
1981,107
1982,100
1983,97
1984,137
1985,98
1986,166
1987,77
1988,131
1989,137
1990,139
1991,114
1992,106
1993,103
1994,109
1995,84
1996,102
1997,119
1998,86
1999,112
2000,139
2001,96
2002,104
2003,97
2004,139
2005,148
2006,101
2007,115
2008,96
2009,98
2010,123
2011,132
2012,124
2013,125
2014,109
2015,123
2016,105
2017,158
2018,129
2019,148
2020,111
2021,107
2022,106
2023,114
2024,81
2025,130
2026,96
2027,131
2028,96
2029,81
2030,97
2031,107
2032,134
2033,106
2034,110
2035,116
2036,89
2037,110
2038,116
2039,110
2040,119
2041,118
2042,94
2043,92
2044,151
2045,131
2046,119
2047,123
2048,79
2049,117
2050,116
2051,117
2052,118
2053,116
2054,114
2055,113
2056,108
2057,127
2058,111
2059,111
2060,113
2061,127
2062,108
2063,99
2064,127
2065,153
2066,140
2067,100
2068,134
2069,128
2070,108
2071,69
2072,121
2073,76
2074,94
2075,94
2076,103
2077,89
2078,104
2079,160
2080,105
2081,76
2082,108
2083,170
2084,103
2085,106
2086,91
2087,94
2088,110
2089,121
2090,90
2091,110
2092,109
2093,123
2094,112
2095,138
2096,141
2097,142
2098,127
2099,105
2100,149
2101,119
2102,109
2103,143
2104,125
2105,148
2106,128
2107,116
2108,122
2109,124
2110,138
2111,148
2112,111
2113,123
2114,138
2115,154
2116,172
2117,129
2118,140
2119,124
2120,137
2121,146
2122,161
2123,136
2124,110
2125,136
2126,112
2127,110
2128,86
2129,124
2130,129
2131,101
2132,87
2133,97
2134,154
2135,130
2136,172
2137,109
2138,160
2139,123
2140,131
2141,115
2142,120
2143,129
2144,160
2145,107
2146,87
2147,118
2148,118
2149,115
2150,113
2151,146
2152,144
2153,128
2154,159
2155,139
2156,146
2157,101
2158,127
2159,129
2160,128
2161,84
2162,103
2163,110
2164,95
2165,128
2166,144
2167,135
2168,160
2169,121
2170,133
2171,123
2172,143
2173,153
2174,124
2175,106
2176,97
2177,164
2178,120
2179,139
2180,136
2181,113
2182,92
2183,145
2184,107
2185,141
2186,130
2187,112
2188,131
2189,132
2190,93
2191,109
2192,116
2193,115
2194,150
2195,150
2196,80
2197,131
2198,131
2199,125
2200,116
2201,175
2202,135
2203,162
2204,116
2205,133
2206,138
2207,136
2208,110
2209,117
2210,146
2211,122
2212,120
2213,162
2214,126
2215,131
2216,116
2217,153
2218,128
2219,98
2220,149
2221,115
2222,110
2223,123
2224,122
2225,124
2226,131
2227,98
2228,105
2229,131
2230,109
2231,111
2232,87
2233,105
2234,101
2235,132
2236,112
2237,146
2238,115
2239,122
2240,157
2241,87
2242,119
2243,137
2244,127
2245,102
2246,94
2247,99
2248,98
2249,119
2250,86
2251,89
2252,129
2253,111
2254,84
2255,165
2256,87
2257,128
2258,111
2259,79
2260,91
2261,104
2262,128
2263,119
2264,91
2265,92
2266,123
2267,108
2268,104
2269,115
2270,105
2271,94
2272,131
2273,107
2274,124
2275,97
2276,114
2277,66
2278,124
2279,108
2280,143
2281,105
2282,128
2283,130
2284,93
2285,97
2286,146
2287,115
2288,149
2289,100
2290,97
2291,105
2292,70
2293,88
2294,90
2295,126
2296,112
2297,140
2298,141
2299,114
2300,72
2301,97
2302,124
2303,138
2304,149
2305,113
2306,85
2307,114
2308,156
2309,123
2310,134
2311,106
2312,134
2313,87
2314,97
2315,123
2316,182
2317,103
2318,156
2319,103
2320,119
2321,139
2322,118
2323,111
2324,104
2325,153
2326,138
2327,134
2328,104
2329,96
2330,97
2331,115
2332,143
2333,136
2334,137
2335,137
2336,131
2337,126
2338,120
2339,104
2340,166
2341,140
2342,156
2343,147
2344,125
2345,88
2346,91
2347,176
2348,158
2349,150
2350,160
2351,132
2352,109
2353,87
2354,123
2355,122
2356,90
2357,146
2358,127
2359,113
2360,104
2361,117
2362,141
2363,92
2364,174
2365,131
2366,92
2367,112
2368,110
2369,112
2370,80
2371,108
2372,127
2373,118
2374,141
2375,118
2376,100
2377,88
2378,88
2379,122
2380,124
2381,97
2382,125
2383,147
2384,111
2385,109
2386,109
2387,109
2388,118
2389,111
2390,118
2391,144
2392,148
2393,103
2394,135
2395,134
2396,87
2397,119
2398,129
2399,120
2400,124
2401,90
2402,107
2403,95
2404,123
2405,100
2406,145
2407,101
2408,120
2409,130
2410,95
2411,94
2412,139
2413,88
2414,106
2415,139
2416,122
2417,124
2418,166
2419,110
2420,118
2421,110
2422,134
2423,169
2424,88
2425,110
2426,107
2427,126
2428,134
2429,137
2430,113
2431,105
2432,137
2433,128
2434,122
2435,110
2436,98
2437,113
2438,109
2439,102
2440,140
2441,99
2442,134
2443,124
2444,101
2445,117
2446,105
2447,208
2448,136
2449,111
2450,130
2451,121
2452,107
2453,84
2454,93
2455,116
2456,156
2457,101
2458,140
2459,136
2460,103
2461,101
2462,133
2463,97
2464,97
2465,165
2466,107
2467,167
2468,130
2469,93
2470,79
2471,140
2472,125
2473,114
2474,102
2475,79
2476,106
2477,91
2478,134
2479,83
2480,77
2481,115
2482,115
2483,146
2484,119
2485,79
2486,146
2487,122
2488,171
2489,154
2490,144
2491,126
2492,140
2493,131
2494,117
2495,123
2496,93
2497,101
2498,107
2499,115
2500,90
2501,133
2502,110
2503,130
2504,148
2505,93
2506,157
2507,119
2508,151
2509,140
2510,143
2511,90
2512,92
2513,147
2514,149
2515,143
2516,129
2517,97
2518,89
2519,90
2520,84
2521,86
2522,125
2523,95
2524,99
2525,112
2526,91
2527,132
2528,76
2529,120
2530,169
2531,143
2532,97
2533,144
2534,133
2535,108
2536,110
2537,138
2538,128
2539,112
2540,135
2541,130
2542,98
2543,99
2544,105
2545,105
2546,108
2547,96
2548,91
2549,121
2550,97
2551,170
2552,116
2553,157
2554,152
2555,157
2556,111
2557,102
2558,145
2559,147
2560,149
2561,138
2562,111
2563,108
2564,96
2565,138
2566,133
2567,120
2568,102
2569,105
2570,145
2571,145
2572,84
2573,124
2574,113
2575,152
2576,123
2577,153
2578,116
2579,99
2580,122
2581,120
2582,126
2583,85
2584,99
2585,163
2586,204
2587,135
2588,152
2589,129
2590,152
2591,115
2592,159
2593,145
2594,111
2595,140
2596,137
2597,134
2598,111
2599,171
2600,148
2601,113
2602,114
2603,151
2604,125
2605,137
2606,160
2607,143
2608,126
2609,118
2610,145
2611,148
2612,114
2613,137
2614,151
2615,162
2616,139
2617,154
2618,128
2619,140
2620,131
2621,141
2622,148
2623,122
2624,84
2625,105
2626,115
2627,107
2628,139
2629,107
2630,148
2631,163
2632,131
2633,131
2634,115
2635,97
2636,105
2637,144
2638,114
2639,91
2640,96
2641,94
2642,101
2643,156
2644,132
2645,120
2646,115
2647,129
2648,112
2649,109
2650,134
2651,130
2652,124
2653,122
2654,121
2655,135
2656,107
2657,94
2658,109
2659,146
2660,156
2661,168
2662,144
2663,117
2664,118
2665,138
2666,137
2667,151
2668,156
2669,126
2670,123
2671,113
2672,176
2673,118
2674,110
2675,107
2676,125
2677,112
2678,120
2679,100
2680,112
2681,111
2682,112
2683,117
2684,114
2685,101
2686,101
2687,126
2688,103
2689,142
2690,126
2691,124
2692,144
2693,126
2694,139
2695,137
2696,134
2697,121
2698,125
2699,117
2700,152
2701,104
2702,126
2703,95
2704,113
2705,138
2706,103
2707,174
2708,128
2709,139
2710,108
2711,90
2712,137
2713,115
2714,124
2715,142
2716,114
2717,104
2718,144
2719,116
2720,148
2721,124
2722,123
2723,129
2724,121
2725,81
2726,158
2727,166
2728,144
2729,161
2730,176
2731,114
2732,170
2733,117
2734,95
2735,95
2736,113
2737,114
2738,96
2739,97
2740,124
2741,101
2742,87
2743,110
2744,170
2745,135
2746,139
2747,91
2748,109
2749,118
2750,121
2751,89
2752,89
2753,131
2754,112
2755,129
2756,85
2757,176
2758,78
2759,129
2760,82
2761,95
2762,66
2763,99
2764,115
2765,76
2766,98
2767,118
2768,145
2769,129
2770,143
2771,58
2772,91
2773,74
2774,125
2775,136
2776,100
2777,114
2778,120
2779,147
2780,136
2781,149
2782,119
2783,112
2784,149
2785,98
2786,154
2787,118
2788,107
2789,152
2790,164
2791,183
2792,122
2793,124
2794,181
2795,101
2796,110
2797,144
2798,118
2799,145
2800,128
2801,167
2802,103
2803,82
2804,127
2805,150
2806,105
2807,127
2808,167
2809,109
2810,140
2811,147
2812,79
2813,141
2814,159
2815,108
2816,112
2817,145
2818,104
2819,151
2820,178
2821,142
2822,124
2823,98
2824,102
2825,105
2826,120
2827,121
2828,137
2829,133
2830,108
2831,114
2832,91
2833,70
2834,114
2835,189
2836,151
2837,130
2838,94
2839,133
2840,111
2841,85
2842,120
2843,119
2844,99
2845,95
2846,85
2847,99
2848,125
2849,112
2850,109
2851,139
2852,113
2853,134
2854,106
2855,156
2856,119
2857,114
2858,168
2859,94
2860,109
2861,84
2862,113
2863,104
2864,127
2865,84
2866,142
2867,145
2868,138
2869,118
2870,134
2871,150
2872,122
2873,103
2874,117
2875,134
2876,106
2877,114
2878,128
2879,84
2880,78
2881,126
2882,132
2883,107
2884,114
2885,123
2886,114
2887,160
2888,103
2889,146
2890,100
2891,123
2892,119
2893,102
2894,124
2895,120
2896,120
2897,102
2898,124
2899,144
2900,141
2901,128
2902,180
2903,103
2904,129
2905,111
2906,102
2907,134
2908,115
2909,91
2910,125
2911,97
2912,142
2913,109
2914,149
2915,147
2916,133
2917,170
2918,142
2919,97
2920,135
2921,120
2922,108
2923,112
2924,85
2925,129
2926,153
2927,153
2928,172
2929,112
2930,153
2931,168
2932,164
2933,119
2934,144
2935,137
2936,92
2937,103
2938,104
2939,80
2940,90
2941,74
2942,118
2943,75
2944,112
2945,100
2946,97
2947,99
2948,120
2949,69
2950,107
2951,104
2952,74
2953,76
2954,82
2955,91
2956,127
2957,111
2958,124
2959,119
2960,72
2961,99
2962,197
2963,106
2964,92
2965,158
2966,91
2967,91
2968,125
2969,81
2970,103
2971,162
2972,82
2973,149
2974,80
2975,162
2976,122
2977,91
2978,111
2979,86
2980,155
2981,104
2982,155
2983,144
2984,138
2985,88
2986,164
2987,155
2988,126
2989,142
2990,121
2991,103
2992,151
2993,138
2994,108
2995,107
2996,124
2997,146
2998,103
2999,139
3000,115
3001,150
3002,102
3003,124
3004,148
3005,123
3006,89
3007,86
3008,102
3009,120
3010,126
3011,97
3012,108
3013,137
3014,126
3015,151
3016,123
3017,115
3018,146
3019,158
3020,115
3021,147
3022,134
3023,113
3024,132
3025,183
3026,85
3027,136
3028,143
3029,129
3030,149
3031,116
3032,111
3033,110
3034,96
3035,101
3036,126
3037,184
3038,176
3039,185
3040,186
3041,116
3042,156
3043,122
3044,171
3045,125
3046,97
3047,152
3048,122
3049,79
3050,90
3051,105
3052,132
3053,153
3054,68
3055,118
3056,126
3057,118
3058,138
3059,78
3060,147
3061,143
3062,90
3063,153
3064,91
3065,108
3066,158
3067,133
3068,159
3069,110
3070,122
3071,143
3072,121
3073,112
3074,127
3075,122
3076,114
3077,142
3078,141
3079,114
3080,127
3081,112
3082,112
3083,138
3084,152
3085,122
3086,85
3087,119
3088,92
3089,67
3090,105
3091,88
3092,97
3093,95
3094,184
3095,82
3096,125
3097,140
3098,97
3099,98
3100,99
3101,130
3102,100
3103,106
3104,118
3105,118
3106,137
3107,133
3108,136
3109,177
3110,93
3111,139
3112,140
3113,119
3114,113
3115,122
3116,146
3117,151
3118,131
3119,168
3120,108
3121,119
3122,96
3123,119
3124,106
3125,126
3126,88
3127,100
3128,120
3129,104
3130,125
3131,111
3132,241
3133,126
3134,137
3135,134
3136,121
3137,89
3138,125
3139,148
3140,92
3141,169
3142,140
3143,135
3144,121
3145,132
3146,106
3147,95
3148,132
3149,117
3150,170
3151,136
3152,144
3153,104
3154,130
3155,183
3156,156
3157,93
3158,93
3159,129
3160,144
3161,117
3162,87
3163,99
3164,125
3165,207
3166,131
3167,120
3168,95
3169,77
3170,122
3171,132
3172,97
3173,150
3174,96
3175,133
3176,126
3177,92
3178,82
3179,166
3180,137
3181,137
3182,124
3183,209
3184,149
3185,102
3186,140
3187,168
3188,106
3189,128
3190,155
3191,101
3192,121
3193,113
3194,128
3195,106
3196,118
3197,127
3198,129
3199,94
3200,120
3201,113
3202,191
3203,128
3204,126
3205,126
3206,138
3207,144
3208,106
3209,158
3210,114
3211,221
3212,129
3213,91
3214,124
3215,131
3216,135
3217,107
3218,116
3219,101
3220,155
3221,142
3222,140
3223,91
3224,141
3225,155
3226,121
3227,108
3228,144
3229,128
3230,110
3231,126
3232,138
3233,114
3234,120
3235,155
3236,132
3237,108
3238,85
3239,94
3240,89
3241,130
3242,82
3243,90
3244,121
3245,118
3246,107
3247,120
3248,155
3249,87
3250,142
3251,132
3252,70
3253,86
3254,97
3255,121
3256,104
3257,116
3258,119
3259,94
3260,96
3261,99
3262,136
3263,114
3264,89
3265,108
3266,80
3267,129
3268,118
3269,114
3270,135
3271,114
3272,122
3273,100
3274,102
3275,115
3276,111
3277,122
3278,113
3279,113
3280,107
3281,88
3282,136
3283,82
3284,90
3285,129
3286,118
3287,93
3288,133
3289,92
3290,105
3291,83
3292,163
3293,138
3294,162
3295,126
3296,112
3297,106
3298,97
3299,128
3300,102
3301,192
3302,118
3303,105
3304,127
3305,79
3306,167
3307,115
3308,127
3309,167
3310,96
3311,139
3312,114
3313,115
3314,120
3315,183
3316,106
3317,118
3318,163
3319,107
3320,119
3321,160
3322,160
3323,128
3324,138
3325,137
3326,111
3327,128
3328,143
3329,120
3330,104
3331,99
3332,119
3333,199
3334,110
3335,105
3336,151
3337,120
3338,100
3339,70
3340,106
3341,136
3342,138
3343,101
3344,126
3345,122
3346,140
3347,136
3348,136
3349,144
3350,124
3351,112
3352,149
3353,125
3354,132
3355,106
3356,97
3357,124
3358,137
3359,134
3360,147
3361,107
3362,132
3363,86
3364,139
3365,116
3366,147
3367,123
3368,115
3369,96
3370,113
3371,116
3372,119
3373,91
3374,104
3375,140
3376,143
3377,119
3378,91
3379,113
3380,123
3381,102
3382,114
3383,116
3384,118
3385,101
3386,145
3387,113
3388,126
3389,119
3390,116
3391,106
3392,129
3393,152
3394,152
3395,199
3396,105
3397,73
3398,170
3399,140
3400,102
3401,155
3402,100
3403,101
3404,106
3405,100
3406,119
3407,108
3408,105
3409,133
3410,129
3411,153
3412,149
3413,94
3414,115
3415,137
3416,113
3417,109
3418,140
3419,139
3420,123
3421,110
3422,111
3423,108
3424,100
3425,103
3426,137
3427,125
3428,117
3429,137
3430,111
3431,121
3432,112
3433,161
3434,119
3435,111
3436,122
3437,149
3438,143
3439,130
3440,90
3441,139
3442,96
3443,153
3444,96
3445,151
3446,132
3447,127
3448,117
3449,158
3450,104
3451,153
3452,141
3453,102
3454,108
3455,115
3456,153
3457,149
3458,134
3459,109
3460,135
3461,133
3462,116
3463,118
3464,113
3465,107
3466,137
3467,108
3468,134
3469,134
3470,109
3471,152
3472,100
3473,143
3474,123
3475,90
3476,115
3477,144
3478,139
3479,143
3480,105
3481,139
3482,145
3483,122
3484,113
3485,103
3486,121
3487,116
3488,139
3489,135
3490,155
3491,116
3492,89
3493,94
3494,151
3495,105
3496,112
3497,111
3498,151
3499,167
3500,137
3501,135
3502,132
3503,99
3504,114
3505,130
3506,139
3507,125
3508,151
3509,128
3510,158
3511,173
3512,95
3513,115
3514,124
3515,114
3516,114
3517,173
3518,129
3519,164
3520,111
3521,139
3522,120
3523,113
3524,138
3525,142
3526,129
3527,144
3528,113
3529,110
3530,92
3531,92
3532,134
3533,105
3534,109
3535,84
3536,138
3537,113
3538,126
3539,120
3540,111
3541,124
3542,96
3543,113
3544,114
3545,146
3546,117
3547,101
3548,127
3549,124
3550,112
3551,115
3552,123
3553,131
3554,158
3555,158
3556,112
3557,96
3558,112
3559,112
3560,96
3561,108
3562,100
3563,130
3564,117
3565,116
3566,95
3567,109
3568,109
3569,93
3570,181
3571,174
3572,137
3573,83
3574,154
3575,138
3576,115
3577,109
3578,155
3579,105
3580,134
3581,107
3582,130
3583,117
3584,101
3585,93
3586,164
3587,102
3588,141
3589,98
3590,115
3591,107
3592,122
3593,145
3594,153
3595,124
3596,132
3597,98
3598,81
3599,102
3600,161
3601,98
3602,82
3603,126
3604,105
3605,105
3606,129
3607,117
3608,123
3609,116
3610,117
3611,110
3612,151
3613,95
3614,85
3615,110
3616,88
3617,118
3618,126
3619,75
3620,96
3621,99
3622,137
3623,109
3624,135
3625,143
3626,97
3627,95
3628,110
3629,104
3630,155
3631,120
3632,99
3633,97
3634,96
3635,99
3636,129
3637,134
3638,94
3639,133
3640,132
3641,135
3642,129
3643,101
3644,132
3645,114
3646,113
3647,141
3648,115
3649,100
3650,124
3651,108
3652,130
3653,129
3654,81
3655,130
3656,132
3657,121
3658,93
3659,135
3660,93
3661,137
3662,115
3663,145
3664,132
3665,102
3666,125
3667,152
3668,105
3669,183
3670,117
3671,125
3672,94
3673,118
3674,88
3675,110
3676,132
3677,130
3678,96
3679,137
3680,154
3681,122
3682,86
3683,119
3684,101
3685,140
3686,94
3687,132
3688,125
3689,122
3690,126
3691,116
3692,116
3693,86
3694,139
3695,148
3696,108
3697,141
3698,151
3699,140
3700,82
3701,127
3702,118
3703,163
3704,101
3705,117
3706,161
3707,130
3708,133
3709,146
3710,160
3711,116
3712,120
3713,121
3714,110
3715,149
3716,140
3717,82
3718,148
3719,146
3720,106
3721,149
3722,78
3723,130
3724,148
3725,153
3726,159
3727,133
3728,126
3729,94
3730,120
3731,102
3732,102
3733,145
3734,152
3735,128
3736,182
3737,113
3738,132
3739,106
3740,134
3741,104
3742,114
3743,115
3744,133
3745,73
3746,114
3747,152
3748,164
3749,88
3750,99
3751,139
3752,120
3753,120
3754,106
3755,103
3756,105
3757,115
3758,121
3759,141
3760,87
3761,127
3762,142
3763,163
3764,120
3765,150
3766,90
3767,86
3768,86
3769,145
3770,120
3771,99
3772,89
3773,124
3774,97
3775,127
3776,135
3777,96
3778,80
3779,100
3780,86
3781,110
3782,96
3783,97
3784,89
3785,98
3786,100
3787,145
3788,149
3789,150
3790,158
3791,112
3792,116
3793,113
3794,119
3795,118
3796,198
3797,136
3798,111
3799,130
3800,163
3801,139
3802,131
3803,157
3804,114
3805,143
3806,120
3807,102
3808,124
3809,165
3810,144
3811,110
3812,133
3813,104
3814,143
3815,108
3816,140
3817,104
3818,160
3819,125
3820,95
3821,142
3822,127
3823,125
3824,142
3825,112
3826,136
3827,99
3828,156
3829,134
3830,134
3831,111
3832,118
3833,113
3834,121
3835,107
3836,100
3837,106
3838,129
3839,196
3840,123
3841,164
3842,150
3843,132
3844,111
3845,145
3846,106
3847,121
3848,146
3849,123
3850,130
3851,96
3852,149
3853,96
3854,98
3855,119
3856,118
3857,98
3858,156
3859,115
3860,110
3861,174
3862,128
3863,127
3864,136
3865,115
3866,90
3867,99
3868,114
3869,91
3870,149
3871,92
3872,115
3873,108
3874,107
3875,94
3876,88
3877,147
3878,164
3879,86
3880,100
3881,123
3882,113
3883,127
3884,143
3885,129
3886,93
3887,125
3888,90
3889,124
3890,93
3891,127
3892,78
3893,120
3894,120
3895,144
3896,94
3897,107
3898,122
3899,120
3900,126
3901,79
3902,143
3903,128
3904,221
3905,143
3906,130
3907,88
3908,127
3909,161
3910,128
3911,134
3912,170
3913,153
3914,122
3915,167
3916,107
3917,91
3918,120
3919,163
3920,125
3921,99
3922,97
3923,83
3924,89
3925,110
3926,118
3927,115
3928,131
3929,91
3930,186
3931,97
3932,124
3933,142
3934,86
3935,101
3936,119
3937,101
3938,122
3939,93
3940,112
3941,106
3942,170
3943,96
3944,90
3945,119
3946,119
3947,115
3948,139
3949,153
3950,103
3951,105
3952,86
3953,127
3954,115
3955,116
3956,98
3957,96
3958,93
3959,103
3960,108
3961,115
3962,69
3963,151
3964,110
3965,105
3966,144
3967,105
3968,100
3969,92
3970,97
3971,132
3972,111
3973,144
3974,107
3975,129
3976,141
3977,125
3978,107
3979,162
3980,85
3981,133
3982,122
3983,115
3984,135
3985,125
3986,146
3987,108
3988,130
3989,115
3990,134
3991,231
3992,149
3993,126
3994,108
3995,121
3996,166
3997,115
3998,126
3999,125
4000,137
4001,158
4002,120
4003,135
4004,146
4005,127
4006,123
4007,145
4008,170
4009,101
4010,144
4011,118
4012,100
4013,120
4014,116
4015,107
4016,113
4017,93
4018,100
4019,114
4020,108
4021,166
4022,93
4023,87
4024,131
4025,112
4026,94
4027,144
4028,104
4029,123
4030,172
4031,138
4032,123
4033,107
4034,130
4035,107
4036,115
4037,132
4038,102
4039,135
4040,112
4041,92
4042,123
4043,124
4044,135
4045,118
4046,96
4047,87
4048,130
4049,159
4050,107
4051,113
4052,171
4053,138
4054,112
4055,139
4056,125
4057,98
4058,106
4059,114
4060,115
4061,155
4062,127
4063,104
4064,112
4065,136
4066,119
4067,131
4068,103
4069,125
4070,115
4071,126
4072,183
4073,165
4074,123
4075,119
4076,169
4077,119
4078,139
4079,125
4080,98
4081,164
4082,98
4083,120
4084,126
4085,142
4086,171
4087,165
4088,97
4089,183
4090,142
4091,114
4092,133
4093,89
4094,96
4095,163
4096,154
4097,127
4098,126
4099,136
4100,133
4101,125
4102,141
4103,133
4104,172
4105,107
4106,134
4107,130
4108,165
4109,153
4110,137
4111,98
4112,94
4113,114
4114,102
4115,163
4116,161
4117,120
4118,117
4119,81
4120,143
4121,120
4122,109
4123,90
4124,84
4125,102
4126,124
4127,110
4128,131
4129,115
4130,117
4131,127
4132,93
4133,131
4134,75
4135,107
4136,138
4137,95
4138,148
4139,133
4140,92
4141,173
4142,118
4143,145
4144,111
4145,81
4146,160
4147,77
4148,108
4149,97
4150,81
4151,132
4152,111
4153,75
4154,100
4155,115
4156,95
4157,95
4158,112
4159,93
4160,92
4161,122
4162,129
4163,186
4164,153
4165,101
4166,131
4167,100
4168,132
4169,105
4170,142
4171,106
4172,99
4173,58
4174,83
4175,128
4176,100
4177,104
4178,102
4179,161
4180,127
4181,150
4182,125
4183,127
4184,82
4185,117
4186,91
4187,150
4188,152
4189,100
4190,93
4191,141
4192,129
4193,145
4194,105
4195,143
4196,109
4197,135
4198,115
4199,111
4200,99
4201,104
4202,126
4203,165
4204,111
4205,153
4206,136
4207,86
4208,138
4209,97
4210,109
4211,165
4212,108
4213,153
4214,94
4215,96
4216,154
4217,163
4218,108
4219,147
4220,105
4221,80
4222,163
4223,136
4224,181
4225,86
4226,104
4227,110
4228,119
4229,112
4230,94
4231,107
4232,115
4233,155
4234,115
4235,105
4236,98
4237,134
4238,99
4239,174
4240,122
4241,105
4242,104
4243,146
4244,105
4245,147
4246,93
4247,146
4248,95
4249,118
4250,90
4251,87
4252,108
4253,130
4254,140
4255,156
4256,130
4257,121
4258,134
4259,164
4260,133
4261,117
4262,135
4263,108
4264,144
4265,145
4266,134
4267,105
4268,124
4269,102
4270,108
4271,126
4272,106
4273,124
4274,123
4275,119
4276,167
4277,110
4278,83
4279,149
4280,114
4281,145
4282,82
4283,107
4284,123
4285,133
4286,113
4287,150
4288,117
4289,127
4290,114
4291,174
4292,107
4293,160
4294,108
4295,108
4296,147
4297,130
4298,98
4299,103
4300,109
4301,131
4302,117
4303,96
4304,76
4305,97
4306,129
4307,116
4308,106
4309,145
4310,127
4311,130
4312,120
4313,105
4314,80
4315,105
4316,92
4317,126
4318,102
4319,95
4320,127
4321,117
4322,94
4323,113
4324,145
4325,113
4326,101
4327,131
4328,111
4329,90
4330,107
4331,105
4332,93
4333,108
4334,152
4335,103
4336,136
4337,93
4338,121
4339,99
4340,130
4341,130
4342,141
4343,166
4344,128
4345,89
4346,147
4347,105
4348,118
4349,110
4350,136
4351,113
4352,103
4353,116
4354,168
4355,128
4356,142
4357,145
4358,136
4359,140
4360,151
4361,113
4362,129
4363,179
4364,67
4365,102
4366,95
4367,102
4368,104
4369,124
4370,121
4371,128
4372,110
4373,99
4374,131
4375,84
4376,155
4377,111
4378,140
4379,116
4380,99
4381,84
4382,111
4383,148
4384,118
4385,90
4386,103
4387,98
4388,122
4389,102
4390,126
4391,126
4392,90
4393,155
4394,141
4395,98
4396,138
4397,164
4398,120
4399,107
4400,143
4401,133
4402,118
4403,148
4404,163
4405,110
4406,110
4407,112
4408,117
4409,110
4410,131
4411,135
4412,115
4413,151
4414,119
4415,117
4416,112
4417,94
4418,101
4419,132
4420,132
4421,111
4422,119
4423,111
4424,110
4425,102
4426,102
4427,130
4428,127
4429,108
4430,112
4431,124
4432,102
4433,120
4434,122
4435,81
4436,112
4437,138
4438,133
4439,155
4440,99
4441,135
4442,169
4443,95
4444,161
4445,84
4446,128
4447,145
4448,110
4449,121
4450,163
4451,153
4452,152
4453,155
4454,122
4455,115
4456,145
4457,105
4458,114
4459,136
4460,121
4461,146
4462,136
4463,114
4464,112
4465,108
4466,138
4467,118
4468,134
4469,143
4470,138
4471,148
4472,87
4473,136
4474,115
4475,128
4476,119
4477,105
4478,127
4479,158
4480,104
4481,163
4482,157
4483,110
4484,115
4485,99
4486,91
4487,116
4488,118
4489,144
4490,116
4491,124
4492,133
4493,101
4494,126
4495,140
4496,121
4497,127
4498,143
4499,77
4500,150
4501,92
4502,136
4503,141
4504,98
4505,126
4506,145
4507,115
4508,77
4509,135
4510,136
4511,141
4512,104
4513,171
4514,161
4515,99
4516,149
4517,113
4518,116
4519,164
4520,95
4521,93
4522,167
4523,165
4524,133
4525,138
4526,113
4527,112
4528,163
4529,104
4530,166
4531,142
4532,159
4533,156
4534,128
4535,109
4536,152
4537,106
4538,102
4539,90
4540,104
4541,132
4542,187
4543,130
4544,160
4545,99
4546,90
4547,115
4548,97
4549,135
4550,135
4551,93
4552,111
4553,132
4554,81
4555,107
4556,122
4557,119
4558,107
4559,106
4560,125
4561,101
4562,98
4563,152
4564,126
4565,124
4566,110
4567,122
4568,133
4569,152
4570,122
4571,132
4572,138
4573,129
4574,130
4575,120
4576,117
4577,153
4578,144
4579,126
4580,155
4581,110
4582,126
4583,107
4584,77
4585,95
4586,116
4587,165
4588,131
4589,115
4590,86
4591,152
4592,100
4593,139
4594,149
4595,148
4596,118
4597,146
4598,151
4599,142
4600,128
4601,135
4602,106
4603,118
4604,146
4605,108
4606,117
4607,137
4608,124
4609,176
4610,146
4611,83
4612,137
4613,130
4614,106
4615,113
4616,163
4617,150
4618,114
4619,143
4620,173
4621,122
4622,95
4623,129
4624,131
4625,180
4626,155
4627,162
4628,98
4629,88
4630,130
4631,106
4632,121
4633,113
4634,99
4635,91
4636,106
4637,102
4638,79
4639,131
4640,107
4641,129
4642,134
4643,96
4644,82
4645,177
4646,124
4647,131
4648,134
4649,99
4650,126
4651,82
4652,91
4653,151
4654,92
4655,103
4656,102
4657,82
4658,79
4659,146
4660,155
4661,114
4662,124
4663,112
4664,96
4665,130
4666,133
4667,118
4668,74
4669,95
4670,141
4671,105
4672,132
4673,128
4674,112
4675,124
4676,107
4677,94
4678,143
4679,125
4680,99
4681,131
4682,98
4683,119
4684,105
4685,162
4686,117
4687,92
4688,118
4689,102
4690,126
4691,111
4692,87
4693,144
4694,121
4695,166
4696,116
4697,167
4698,121
4699,134
4700,132
4701,102
4702,119
4703,140
4704,147
4705,192
4706,125
4707,131
4708,168
4709,86
4710,192
4711,108
4712,112
4713,134
4714,149
4715,121
4716,128
4717,109
4718,123
4719,93
4720,162
4721,169
4722,91
4723,92
4724,152
4725,150
4726,134
4727,120
4728,110
4729,158
4730,157
4731,146
4732,132
4733,110
4734,90
4735,159
4736,134
4737,149
4738,110
4739,134
4740,166
4741,107
4742,109
4743,131
4744,168
4745,125
4746,108
4747,158
4748,153
4749,178
4750,178
4751,132
4752,170
4753,124
4754,152
4755,102
4756,115
4757,147
4758,155
4759,167
4760,130
4761,117
4762,88
4763,136
4764,116
4765,109
4766,90
4767,146
4768,144
4769,135
4770,133
4771,94
4772,132
4773,118
4774,116
4775,150
4776,97
4777,124
4778,107
4779,136
4780,108
4781,141
4782,137
4783,115
4784,100
4785,114
4786,99
4787,127
4788,124
4789,187
4790,128
4791,90
4792,103
4793,128
4794,158
4795,106
4796,114
4797,128
4798,116
4799,153
4800,134
4801,132
4802,124
4803,124
4804,155
4805,128
4806,133
4807,94
4808,106
4809,120
4810,133
4811,164
4812,132
4813,134
4814,113
4815,147
4816,103
4817,82
4818,109
4819,143
4820,105
4821,81
4822,119
4823,110
4824,119
4825,95
4826,112
4827,170
4828,93
4829,132
4830,141
4831,160
4832,113
4833,85
4834,123
4835,116
4836,100
4837,83
4838,99
4839,129
4840,92
4841,122
